{
  "timestamp": "2025-06-20 03:50:55 PDT",
  "date": "June 20, 2025",
  "sha_hash": "94dcc86477e113b7c4055602b45f24730056fa0a779481bbcd5abdc079577576",
  "verification_data": {
    "verification_timestamp": "2025-06-20T10:47:51.364820",
    "mito_engine_version": "1.2.0",
    "test_summary": {
      "total_tests": 23,
      "passed_tests": 23,
      "failed_tests": 0,
      "success_rate": "100.0%",
      "overall_status": "PASS"
    },
    "link_repair_system": {
      "anchor_targets": {
        "status": "pass",
        "total_anchors": 12,
        "found_anchors": 12,
        "missing_anchors": [],
        "response_time": 0.016371
      },
      "navigation_script": {
        "status": "pass",
        "total_functions": 4,
        "found_functions": 4,
        "missing_functions": [],
        "script_length": 3915,
        "response_time": 0.006014
      },
      "repair_status": "OPERATIONAL"
    },
    "api_endpoints": {
      "/api/health": {
        "status_code": 200,
        "success": true,
        "response_time": 0.002673,
        "content_type": "application/json"
      },
      "/api/status": {
        "status_code": 200,
        "success": true,
        "response_time": 0.002329,
        "content_type": "application/json"
      },
      "/api/providers": {
        "status_code": 200,
        "success": true,
        "response_time": 0.002086,
        "content_type": "application/json"
      },
      "/api/lab": {
        "status_code": 200,
        "success": true,
        "response_time": 0.002282,
        "content_type": "application/json"
      },
      "/api/keys": {
        "status_code": 200,
        "success": true,
        "response_time": 0.002101,
        "content_type": "application/json"
      },
      "/api/tools": {
        "status_code": 200,
        "success": true,
        "response_time": 0.001936,
        "content_type": "application/json"
      },
      "/api/agents": {
        "status_code": 200,
        "success": true,
        "response_time": 0.002183,
        "content_type": "application/json"
      },
      "/api/blueprints": {
        "status_code": 200,
        "success": true,
        "response_time": 0.002028,
        "content_type": "application/json"
      },
      "/api/deploy": {
        "status_code": 200,
        "success": true,
        "response_time": 0.002176,
        "content_type": "application/json"
      },
      "/api/memory": {
        "status_code": 200,
        "success": true,
        "response_time": 0.002246,
        "content_type": "application/json"
      }
    },
    "laboratory_environment": {
      "/lab-mode": {
        "status_code": 200,
        "success": true,
        "response_time": 0.042913,
        "content_length": 97001
      },
      "/giant-workbench": {
        "status_code": 200,
        "success": true,
        "response_time": 0.064138,
        "content_length": 393045
      },
      "/workbench": {
        "status_code": 200,
        "success": true,
        "response_time": 0.025402,
        "content_length": 205097
      },
      "/memory-manager": {
        "status_code": 200,
        "success": true,
        "response_time": 0.007735,
        "content_length": 22482
      },
      "/code-editor": {
        "status_code": 200,
        "success": true,
        "response_time": 0.004901,
        "content_length": 18357
      },
      "/mito-files": {
        "status_code": 200,
        "success": true,
        "response_time": 0.013004,
        "content_length": 22216
      }
    },
    "frontend_interface": {
      "/": {
        "status_code": 200,
        "success": true,
        "response_time": 0.002805,
        "has_html": true
      },
      "/dashboard": {
        "status_code": 200,
        "success": true,
        "response_time": 0.010501,
        "has_html": true
      },
      "/mobile-workbench": {
        "status_code": 200,
        "success": true,
        "response_time": 0.004272,
        "has_html": true
      },
      "/whiteboard": {
        "status_code": 200,
        "success": true,
        "response_time": 0.005522,
        "has_html": true
      },
      "/advanced-features": {
        "status_code": 200,
        "success": true,
        "response_time": 0.006189,
        "has_html": true
      }
    },
    "recommendations": [
      "All link repair systems operational - no immediate action required"
    ]
  },
  "report_content_preview": "\nMITO Engine v1.2.0 - Final System Completion Report\n\nDeveloper: Daniel Guzman\nCompletion Date: June 20, 2025\nVerification Status: PASS\nSuccess Rate: 100.0%\n\nSystem Components:\n- Link Repair Infrastru..."
}